ngram_order,seq1_max,seq2_max,seq1_del,seq2_del,grow,mean_per
3,1,1,True,True,True,1.0
3,1,1,True,True,False,1.0
3,1,1,True,False,True,1.0
3,1,1,True,False,False,1.0
3,1,1,False,True,True,1.0
3,1,1,False,True,False,1.0
3,1,1,False,False,True,1.0
3,1,1,False,False,False,1.0
3,1,2,True,True,True,1.0
3,1,2,True,True,False,1.0
3,1,2,True,False,True,1.0
3,1,2,True,False,False,1.0
3,1,2,False,True,True,1.0
3,1,2,False,True,False,1.0
3,1,2,False,False,True,1.0
3,1,2,False,False,False,1.0
3,2,1,True,True,True,1.0
3,2,1,True,True,False,1.0
3,2,1,True,False,True,1.0
3,2,1,True,False,False,1.0
3,2,1,False,True,True,1.0
3,2,1,False,True,False,1.0
3,2,1,False,False,True,1.0
3,2,1,False,False,False,1.0
3,2,2,True,True,True,1.0
3,2,2,True,True,False,1.0
3,2,2,True,False,True,1.0
3,2,2,True,False,False,1.0
3,2,2,False,True,True,1.0
3,2,2,False,True,False,1.0
3,2,2,False,False,True,1.0
3,2,2,False,False,False,1.0
3,3,1,True,True,True,1.0
3,3,1,True,True,False,1.0
3,3,1,True,False,True,1.0
3,3,1,True,False,False,1.0
3,3,1,False,True,True,1.0
3,3,1,False,True,False,1.0
3,3,1,False,False,True,1.0
3,3,1,False,False,False,1.0
3,3,2,True,True,True,1.0
3,3,2,True,True,False,1.0
3,3,2,True,False,True,1.0
3,3,2,True,False,False,1.0
3,3,2,False,True,True,1.0
3,3,2,False,True,False,1.0
3,3,2,False,False,True,1.0
3,3,2,False,False,False,1.0
3,4,1,True,True,True,1.0
3,4,1,True,True,False,1.0
3,4,1,True,False,True,1.0
3,4,1,True,False,False,1.0
3,4,1,False,True,True,1.0
3,4,1,False,True,False,1.0
3,4,1,False,False,True,1.0
3,4,1,False,False,False,1.0
3,4,2,True,True,True,1.0
3,4,2,True,True,False,1.0
3,4,2,True,False,True,1.0
3,4,2,True,False,False,1.0
3,4,2,False,True,True,1.0
3,4,2,False,True,False,1.0
3,4,2,False,False,True,1.0
3,4,2,False,False,False,1.0
4,1,1,True,True,True,1.0
4,1,1,True,True,False,1.0
4,1,1,True,False,True,1.0
4,1,1,True,False,False,1.0
4,1,1,False,True,True,1.0
4,1,1,False,True,False,1.0
4,1,1,False,False,True,1.0
4,1,1,False,False,False,1.0
4,1,2,True,True,True,1.0
4,1,2,True,True,False,1.0
4,1,2,True,False,True,1.0
4,1,2,True,False,False,1.0
4,1,2,False,True,True,1.0
4,1,2,False,True,False,1.0
4,1,2,False,False,True,1.0
4,1,2,False,False,False,1.0
4,2,1,True,True,True,1.0
4,2,1,True,True,False,1.0
4,2,1,True,False,True,1.0
4,2,1,True,False,False,1.0
4,2,1,False,True,True,1.0
4,2,1,False,True,False,1.0
4,2,1,False,False,True,1.0
4,2,1,False,False,False,1.0
4,2,2,True,True,True,1.0
4,2,2,True,True,False,1.0
4,2,2,True,False,True,1.0
4,2,2,True,False,False,1.0
4,2,2,False,True,True,1.0
4,2,2,False,True,False,1.0
4,2,2,False,False,True,1.0
4,2,2,False,False,False,1.0
4,3,1,True,True,True,1.0
4,3,1,True,True,False,1.0
4,3,1,True,False,True,1.0
4,3,1,True,False,False,1.0
4,3,1,False,True,True,1.0
4,3,1,False,True,False,1.0
4,3,1,False,False,True,1.0
4,3,1,False,False,False,1.0
4,3,2,True,True,True,1.0
4,3,2,True,True,False,1.0
4,3,2,True,False,True,1.0
4,3,2,True,False,False,1.0
4,3,2,False,True,True,1.0
4,3,2,False,True,False,1.0
4,3,2,False,False,True,1.0
4,3,2,False,False,False,1.0
4,4,1,True,True,True,1.0
4,4,1,True,True,False,1.0
4,4,1,True,False,True,1.0
4,4,1,True,False,False,1.0
4,4,1,False,True,True,1.0
4,4,1,False,True,False,1.0
4,4,1,False,False,True,1.0
4,4,1,False,False,False,1.0
4,4,2,True,True,True,1.0
